前後文,讀音,說明
燒很多東【西】,˙ㄒㄧ,「東西」指物品時，「西」讀輕聲。
了先搖扇【子】,˙ㄗ,「扇子」的「子」是詞尾，讀輕聲。
燒東【西】,˙ㄒㄧ,「東西」指物品時，「西」讀輕聲。
【種】大樹,ㄓㄨㄥˋ,「種」作栽種的動詞時讀第四聲。
哪些讓我【長】得好,ㄓㄤˇ,「長得好」指生長，讀ㄓㄤˇ。
新車【子】,˙ㄗ,「車子」的「子」是詞尾，讀輕聲。
【種】一棵小樹,ㄓㄨㄥˋ,「種」作栽種的動詞時讀第四聲。
石【頭】,˙ㄊㄡ,教育部辭典「石頭」的「頭」讀輕聲。
下面的東【西】,˙ㄒㄧ,「東西」指物品時，「西」讀輕聲。
力發電機【轉】啊轉,ㄓㄨㄢˋ,風力發電機繞軸旋轉，「轉」讀第四聲（如打轉、轉圈）。
電機轉啊【轉】,ㄓㄨㄢˋ,風力發電機繞軸旋轉，「轉」讀第四聲（如打轉、轉圈）。
【種】一棵植物,ㄓㄨㄥˋ,「種」作栽種的動詞時讀第四聲。
把東【西】拖到對的,˙ㄒㄧ,「東西」指物品時，「西」讀輕聲。
【種】一棵樹,ㄓㄨㄥˋ,「種」作栽種的動詞時讀第四聲。
紅蘿【蔔】是從哪裡,˙ㄅㄛ,教育部辭典「蘿蔔」的「蔔」讀輕聲。
紅蘿【蔔】,˙ㄅㄛ,教育部辭典「蘿蔔」的「蔔」讀輕聲。
【種】小樹,ㄓㄨㄥˋ,「種小樹」是動詞栽種，應讀ㄓㄨㄥˋ。
【種】一棵小植,ㄓㄨㄥˋ,「種一棵小植物」是動詞栽種，應讀ㄓㄨㄥˋ。
人做的東【西】分開,˙ㄒㄧ,「東西」指物品時，詞典標ㄉㄨㄥ ˙ㄒㄧ，第二字輕聲。
風天乖乖【待】家,ㄉㄞ,「待家」是停留之意，詞典讀ㄉㄞ，且同檔「待在家裡」已標ㄉㄞ。
颱風天【待】家裡,ㄉㄞ,「待家裡」是停留之意，詞典讀ㄉㄞ，應與「待在家裡」一致。
個讓地球【累】累,ㄌㄟˋ,「地球累累」是疲累之意，應讀ㄌㄟˋ；ㄌㄟˇ是「累積、累累（眾多）」。
讓地球累【累】,ㄌㄟˋ,「地球累累」是疲累之意，應讀ㄌㄟˋ。
地球【累】累,ㄌㄟˋ,「地球累累」是疲累之意，應讀ㄌㄟˋ。
地球累【累】,ㄌㄟˋ,「地球累累」是疲累之意，應讀ㄌㄟˋ。
【數】看看有幾,ㄕㄨˇ,「數看看有幾顆」是動詞計算，應讀ㄕㄨˇ。
【倒】掉食物,ㄉㄠˋ,「倒掉食物」是傾倒，讀ㄉㄠˋ，不是倒下的ㄉㄠˇ。
舊東【西】,˙ㄒㄧ,「東西」指物品時，「西」依教育部辭典讀輕聲。
什麼東【西】,˙ㄒㄧ,「東西」指物品時，「西」依教育部辭典讀輕聲。
看幾樣東【西】要用電,˙ㄒㄧ,「東西」指物品時，「西」依教育部辭典讀輕聲。
瓶要怎麼【處】理,ㄔㄨˇ,「處理」的「處」讀第三聲ㄔㄨˇ。
自然的東【西】,˙ㄒㄧ,「東西」指物品時，「西」依教育部辭典讀輕聲。
麼讓風車【轉】的,ㄓㄨㄢˋ,「風車轉」是旋轉，讀ㄓㄨㄢˋ。
把東【西】放進對的,˙ㄒㄧ,「東西」指物品時，「西」依教育部辭典讀輕聲。
買東【西】前先想想,˙ㄒㄧ,「東西」指物品時，「西」依教育部辭典讀輕聲。
個娃【娃】,˙ㄨㄚ,「娃娃」依教育部辭典第二字讀輕聲，與已標輕聲的「寶寶」一致。
更美的東【西】,˙ㄒㄧ,「東西」指物品時，「西」依教育部辭典讀輕聲。
臺灣【種】的,ㄓㄨㄥˋ,「臺灣種的」是種植，讀ㄓㄨㄥˋ。
買附近【種】的,ㄓㄨㄥˋ,「附近種的」是種植，讀ㄓㄨㄥˋ。
個舊東【西】,˙ㄒㄧ,「東西」指物品時，「西」依教育部辭典讀輕聲。
【教】學訊息,ㄐㄧㄠˋ,「教學」依教育部辭典讀ㄐㄧㄠˋ ㄒㄩㄝˊ。
所有東【西】幾乎都可,˙ㄒㄧ,「東西」指物品時，「西」依教育部辭典讀輕聲。
破掉的東【西】,˙ㄒㄧ,「東西」指物品時，「西」依教育部辭典讀輕聲。
